,Player,Pos,Tm,Age,AST,STL,G,BLK,PTS,FG,FGA,MP
0,Steven Adams,C,OKC,26,146,51,63,67,684,283,478,1680
1,Bam Adebayo,PF,MIA,22,368,82,72,93,1146,440,790,2417
2,LaMarcus Aldridge,C,SAS,34,129,36,53,87,1001,391,793,1754
3,Kyle Alexander,PF,MIA,23,0,0,2,0,2,1,2,13
4,Nickeil Alexander-Walker,SG,NOP,21,89,17,47,8,267,98,266,591
5,Grayson Allen,SG,MEM,24,52,10,38,2,330,117,251,718
6,Jarrett Allen,C,BRK,21,110,40,70,92,775,302,465,1852
7,Kadeem Allen,SG,NYK,27,21,5,10,2,50,19,44,117
8,Al-Farouq Aminu,PF,ORL,29,21,18,18,8,78,25,86,380
9,Justin Anderson,SF,BRK,26,8,0,10,6,28,10,38,107
10,Kyle Anderson,PF,MEM,26,162,54,67,37,390,157,331,1330
11,Ryan Anderson,C,HOU,31,2,1,2,0,5,2,7,14
12,Giannis Antetokounmpo,PF,MIL,25,354,61,63,66,1857,685,1238,1917
13,Kostas Antetokounmpo,PF,LAL,22,2,0,5,0,7,3,3,20
14,Thanasis Antetokounmpo,SF,MIL,27,15,7,20,2,55,24,48,129
15,Carmelo Anthony,PF,POR,35,85,49,58,27,895,336,782,1902
16,OG Anunoby,SF,TOR,22,108,96,69,45,733,286,566,2066
17,Ryan Arcidiacono,PG,CHI,25,96,27,58,3,261,90,220,930
19,Trevor Ariza,SF,SAC,34,50,35,32,7,192,64,165,791
20,Trevor Ariza,SF,POR,34,41,34,21,8,231,78,159,702
21,D.J. Augustin,PG,ORL,32,262,34,57,1,599,184,461,1420
22,Deandre Ayton,C,PHO,21,72,26,38,58,690,310,568,1236
23,Dwayne Bacon,SG,CHO,24,52,23,39,2,224,85,244,687
24,Marvin Bagley III,PF,SAC,20,10,6,13,12,185,78,167,334
25,Lonzo Ball,PG,NOP,22,438,88,63,38,745,277,687,2025
26,Mo Bamba,C,ORL,21,42,23,62,86,332,132,286,878
27,J.J. Barea,PG,DAL,35,112,5,29,2,222,85,207,450
28,Harrison Barnes,PF,SAC,27,159,43,72,12,1046,365,793,2482
29,RJ Barrett,SG,NYK,19,143,55,56,17,803,292,727,1704
30,Will Barton,SF,DEN,29,212,61,58,29,874,332,738,1916
32,Keita Bates-Diop,SF,MIN,24,30,17,37,20,251,87,206,646
33,Keita Bates-Diop,SF,DEN,24,0,2,7,4,37,13,28,98
34,Nicolas Batum,SF,CHO,31,66,17,22,8,79,28,81,505
35,Aron Baynes,C,PHO,33,67,10,42,23,481,183,381,934
37,Kent Bazemore,SF,POR,30,61,45,43,31,340,113,326,1111
38,Kent Bazemore,SG,SAC,30,32,29,25,9,257,87,208,577
39,Darius Bazley,PF,OKC,19,41,23,61,41,342,125,317,1130
40,Bradley Beal,SG,WAS,26,347,71,57,23,1741,593,1303,2053
42,Malik Beasley,SG,DEN,23,48,31,41,6,325,117,301,746
43,Malik Beasley,SG,MIN,23,27,9,14,2,290,110,233,463
44,Marco Belinelli,SG,SAS,33,69,12,57,1,361,123,314,883
46,Jordan Bell,C,MIN,25,14,2,27,10,83,32,60,235
47,Jordan Bell,PF,MEM,25,2,1,2,0,10,3,7,21
48,DeAndre' Bembry,SG,ATL,25,81,55,43,19,249,104,228,915
50,Dragan Bender,SF,MIL,22,9,0,7,5,26,10,21,91
51,Dragan Bender,SF,GSW,22,19,4,9,4,81,31,71,195
52,Dāvis Bertāns,PF,WAS,27,92,37,54,33,834,265,610,1583
53,Patrick Beverley,PG,LAC,31,183,54,51,25,405,147,341,1342
54,Khem Birch,C,ORL,27,50,20,48,23,212,73,143,922
55,Goga Bitadze,C,IND,20,23,10,54,37,172,70,150,471
56,Bismack Biyombo,C,CHO,27,50,10,53,49,393,151,278,1029
57,Nemanja Bjelica,PF,SAC,31,203,62,72,40,831,314,653,2011
58,Eric Bledsoe,PG,MIL,30,328,57,61,26,911,334,703,1646
59,Bogdan Bogdanović,SG,SAC,27,207,64,61,15,924,337,766,1766
60,Bojan Bogdanović,SF,UTA,30,131,34,63,7,1275,418,935,2083
61,Bol Bol,SF,DEN,20,6,2,7,6,40,14,28,87
63,Jonah Bolden,PF,PHI,24,0,1,4,0,4,2,3,14
64,Jonah Bolden,PF,PHO,24,0,2,3,2,6,2,8,33
65,Marques Bolden,C,CLE,21,0,1,1,0,0,0,0,3
66,Jordan Bone,PG,DET,22,8,1,10,0,12,5,20,53
67,Isaac Bonga,SF,WAS,20,76,45,66,22,330,118,234,1250
68,Devin Booker,SG,PHO,23,456,49,70,18,1863,627,1283,2512
69,Chris Boucher,PF,TOR,27,26,22,62,61,411,141,299,819
70,Brian Bowen,SG,IND,21,0,0,6,1,6,3,10,31
71,Ky Bowman,PG,GSW,22,131,44,45,10,335,134,321,1015
72,Avery Bradley,SG,LAL,29,63,43,49,5,423,170,383,1186
73,Tony Bradley,C,UTA,22,23,14,58,33,285,126,189,663
74,Jarrell Brantley,PF,UTA,23,11,3,9,5,24,10,28,96
75,Ignas Brazdeikis,SF,NYK,21,4,0,9,1,17,6,22,53
76,Corey Brewer,SG,SAC,33,2,4,5,0,5,2,4,33
77,Mikal Bridges,SF,PHO,23,129,102,73,46,667,247,484,2042
78,Miles Bridges,SF,CHO,21,114,40,65,48,843,319,753,1995
79,Oshae Brissett,SF,TOR,21,7,4,19,1,37,13,36,135
80,Ryan Broekhoff,SG,DAL,29,11,5,17,4,71,22,59,180
81,Malcolm Brogdon,PG,IND,27,381,35,54,10,893,326,744,1666
82,Dillon Brooks,SG,MEM,24,150,63,73,27,1181,435,1068,2112
83,Bruce Brown,SG,DET,23,230,63,58,29,517,198,447,1634
84,Charlie Brown,SG,ATL,22,2,2,10,2,20,6,19,40
85,Jaylen Brown,SF,BOS,23,118,65,57,20,1159,427,887,1934
86,Moses Brown,C,POR,20,1,1,9,1,11,4,10,33
87,Sterling Brown,SF,MIL,24,51,29,52,7,266,95,256,767
88,Troy Brown Jr.,SG,WAS,20,178,85,69,7,716,273,622,1782
89,Jalen Brunson,PG,DAL,23,188,22,57,4,466,181,388,1022
90,Thomas Bryant,C,WAS,22,83,25,46,49,609,243,418,1147
91,Reggie Bullock,SG,NYK,28,42,25,29,3,234,90,224,684
93,Trey Burke,PG,PHI,27,53,7,25,1,147,59,127,329
94,Trey Burke,PG,DAL,27,30,9,8,1,96,35,82,191
96,Alec Burks,SG,GSW,28,151,50,48,17,773,244,601,1390
97,Alec Burks,SG,PHI,28,38,12,18,0,220,77,167,364
98,Deonte Burton,SG,OKC,26,17,7,39,10,104,43,125,356
99,Jimmy Butler,SF,MIA,30,350,103,58,32,1157,345,758,1959
101,Bruno Caboclo,C,MEM,24,10,10,22,12,62,28,69,192
102,Bruno Caboclo,C,HOU,24,2,5,8,5,28,10,20,52
103,Devontae Cacok,C,LAL,23,1,0,1,0,6,3,6,9
104,Kentavious Caldwell-Pope,SG,LAL,26,111,57,69,14,645,237,507,1762
105,Vlatko Čančar,SF,DEN,22,3,1,14,1,17,6,15,45
106,Clint Capela,C,HOU,25,48,33,39,72,543,244,388,1279
108,DeMarre Carroll,SF,SAS,33,11,2,15,2,33,9,29,135
109,DeMarre Carroll,PF,HOU,33,14,6,9,3,54,16,37,155
110,Jevon Carter,PG,PHO,24,84,47,58,17,287,101,243,945
111,Vince Carter,SF,ATL,43,48,23,60,25,298,107,304,876
112,Wendell Carter Jr.,C,CHI,20,51,33,43,36,484,183,343,1256
113,Michael Carter-Williams,SG,ORL,28,109,49,45,22,323,111,260,833
114,Alex Caruso,PG,LAL,25,124,70,64,18,349,120,291,1175
116,Willie Cauley-Stein,C,GSW,26,60,45,41,50,323,144,257,940
117,Willie Cauley-Stein,C,DAL,26,10,4,13,11,67,31,45,157
118,Tyson Chandler,C,HOU,37,6,6,26,8,34,14,18,219
119,Wilson Chandler,SF,BRK,32,39,16,35,12,205,74,183,734
120,Joe Chealey,PG,CHO,24,1,4,4,0,2,0,7,33
121,Zylan Cheatham,SF,NOP,24,3,1,4,1,12,6,9,51
123,Chris Chiozza,PG,WAS,24,28,10,10,2,27,10,34,123
124,Chris Chiozza,PG,BRK,24,55,11,18,2,115,45,106,278
125,Marquese Chriss,PF,GSW,22,114,39,59,62,548,210,385,1196
127,Gary Clark,PF,HOU,25,12,2,18,7,70,23,59,212
128,Gary Clark,PF,ORL,25,5,4,24,15,86,31,74,355
129,Brandon Clarke,PF,MEM,23,81,32,58,48,700,296,479,1300
131,Jordan Clarkson,SG,CLE,27,70,17,29,8,423,144,326,666
132,Jordan Clarkson,SG,UTA,27,66,29,42,8,655,250,541,1039
133,Nicolas Claxton,PF,BRK,20,16,1,15,8,66,27,48,187
134,Chris Clemons,SG,HOU,22,27,9,33,6,161,57,142,291
135,Antonius Cleveland,SG,DAL,25,1,1,11,3,11,4,14,46
136,Amir Coffey,SG,LAC,22,14,5,18,2,58,23,54,159
137,John Collins,PF,ATL,22,60,31,41,66,885,353,605,1363
138,Zach Collins,PF,POR,22,16,5,11,5,77,32,68,290
139,Mike Conley,PG,UTA,32,208,36,47,5,675,232,567,1363
140,Pat Connaughton,SG,MIL,27,107,25,67,31,360,137,301,1243
141,Quinn Cook,PG,LAL,26,49,12,44,2,224,91,214,508
143,Tyler Cook,PF,CLE,22,1,1,11,0,19,7,10,35
144,Tyler Cook,PF,DEN,22,0,2,2,0,4,1,2,19
146,Robert Covington,PF,MIN,29,56,80,48,45,615,216,496,1411
147,Robert Covington,C,HOU,29,32,35,22,48,255,89,227,726
149,Allen Crabbe,SG,ATL,27,28,15,28,4,143,52,143,522
150,Allen Crabbe,SG,MIN,27,5,0,9,0,29,11,34,131
151,Torrey Craig,SF,DEN,29,47,23,58,36,315,124,269,1072
152,Jamal Crawford,SG,BRK,39,3,0,1,0,5,2,4,6
154,Jae Crowder,SF,MEM,29,125,47,45,14,447,147,399,1322
155,Jae Crowder,SF,MIA,29,36,25,20,10,237,79,164,553
156,Jarrett Culver,SG,MIN,20,110,57,63,38,580,230,569,1506
157,Seth Curry,SG,DAL,29,124,38,64,9,793,284,574,1576
158,Stephen Curry,PG,GSW,31,33,5,5,2,104,33,82,139
160,Troy Daniels,SG,LAL,28,14,8,41,3,174,62,158,456
161,Troy Daniels,SG,DEN,28,3,3,6,0,26,10,28,76
162,Anthony Davis,PF,LAL,26,200,91,62,143,1618,551,1096,2131
163,Ed Davis,C,UTA,30,12,11,28,9,51,22,46,303
164,Terence Davis,SG,TOR,22,115,39,72,14,543,199,436,1209
166,Dewayne Dedmon,C,SAC,30,15,15,34,26,175,69,171,541
167,Dewayne Dedmon,C,ATL,30,7,10,10,15,81,33,84,233
168,Matthew Dellavedova,PG,CLE,29,180,20,57,2,177,62,175,821
169,DeMar DeRozan,SF,SAS,30,380,70,68,20,1504,557,1049,2316
170,Cheick Diallo,C,PHO,23,22,11,47,12,219,92,142,479
171,Hamidou Diallo,SF,OKC,21,36,37,46,9,318,132,296,896
173,Gorgui Dieng,C,MIN,30,58,37,46,42,341,124,277,778
174,Gorgui Dieng,C,MEM,30,15,14,17,17,123,42,87,318
175,Spencer Dinwiddie,SG,BRK,26,432,40,64,21,1318,424,1021,1994
176,Donte DiVincenzo,SG,MIL,23,154,85,66,20,610,232,510,1520
177,Luka Dončić,PG,DAL,20,538,62,61,14,1759,581,1255,2047
178,Luguentz Dort,SG,OKC,20,27,31,36,4,244,86,218,820
179,Damyean Dotson,SG,NYK,25,57,23,48,4,321,120,290,836
180,Sekou Doumbouya,SF,DET,19,19,20,38,8,243,92,236,754
181,PJ Dozier,PG,DEN,23,63,14,29,6,168,65,157,412
182,Goran Dragić,PG,MIA,33,301,40,59,10,953,319,724,1663
184,Andre Drummond,C,DET,26,138,97,49,82,870,360,679,1654
185,Andre Drummond,C,CLE,26,14,12,8,11,140,58,105,225
186,Jared Dudley,SF,LAL,34,28,15,45,3,68,24,60,364
187,Kris Dunn,PG,CHI,25,173,101,51,17,373,152,342,1269
188,Carsen Edwards,SG,BOS,21,24,12,37,4,121,42,128,351
189,Henry Ellenson,PF,BRK,23,1,0,5,0,2,1,7,15
190,Wayne Ellington,SG,NYK,32,44,13,36,4,183,61,174,558
191,Joel Embiid,C,PHI,25,152,45,51,65,1172,382,801,1506
193,James Ennis,SF,PHI,29,41,23,49,14,285,100,226,776
194,James Ennis,SF,ORL,29,22,12,20,8,169,60,133,489
195,Drew Eubanks,PF,SAS,22,15,5,22,17,107,43,67,272
197,Jacob Evans,SG,GSW,22,31,11,27,12,128,45,133,414
198,Jacob Evans,SG,MIN,22,0,0,2,0,0,0,1,4
200,Dante Exum,SG,UTA,24,7,1,11,2,24,10,23,83
201,Dante Exum,SG,CLE,24,33,12,24,6,135,46,96,402
202,Tacko Fall,C,BOS,24,1,1,7,4,23,11,14,33
203,Derrick Favors,C,NOP,28,81,30,51,46,459,209,339,1243
204,Cristiano Felício,PF,CHI,27,16,10,22,2,86,34,54,386
205,Terrance Ferguson,SF,OKC,21,51,27,56,17,220,78,220,1257
206,Bruno Fernando,C,ATL,21,49,18,56,17,240,103,199,713
207,Yogi Ferrell,PG,SAC,26,69,18,50,4,218,79,188,530
208,Dorian Finney-Smith,PF,DAL,26,114,45,71,39,678,243,522,2120
209,Bryn Forbes,SG,SAS,26,108,33,63,0,707,242,581,1579
210,Evan Fournier,SG,ORL,27,209,71,66,15,1221,434,929,2076
211,De'Aaron Fox,PG,SAC,22,348,74,51,25,1077,391,815,1634
212,Melvin Frazier,SG,ORL,23,3,9,19,2,40,15,34,126
213,Michael Frazier,SG,HOU,25,2,2,13,0,27,7,29,145
214,Tim Frazier,PG,DET,29,93,14,27,4,97,34,94,355
215,Markelle Fultz,PG,ORL,21,369,90,72,11,870,359,772,1996
217,Wenyen Gabriel,PF,SAC,22,3,3,11,2,19,6,17,61
218,Wenyen Gabriel,PF,POR,22,5,8,19,5,44,15,31,174
219,Daniel Gafford,C,CHI,21,21,13,43,56,220,94,134,609
220,Danilo Gallinari,PF,OKC,31,119,42,62,5,1160,358,817,1834
221,Langston Galloway,SG,DET,28,101,48,66,11,677,236,542,1702
222,Darius Garland,PG,CLE,20,229,42,59,4,728,280,699,1824
223,Marc Gasol,C,TOR,35,147,34,44,38,331,119,279,1161
224,Rudy Gay,PF,SAS,33,114,35,67,33,726,266,596,1461
225,Paul George,SF,LAC,29,185,68,48,20,1033,343,782,1419
226,Taj Gibson,C,NYK,34,52,27,62,30,379,167,286,1025
227,Harry Giles,PF,SAC,21,60,22,46,18,316,139,251,667
228,Shai Gilgeous-Alexander,SG,OKC,21,232,79,70,47,1331,478,1015,2428
229,Rudy Gobert,C,UTA,27,101,51,68,135,1026,386,557,2333
230,Brandon Goodwin,PG,ATL,24,51,12,34,4,206,76,190,430
231,Aaron Gordon,PF,ORL,24,228,51,62,39,894,335,767,2017
232,Eric Gordon,SF,HOU,31,54,23,36,13,520,171,463,1016
233,Devonte' Graham,PG,CHO,24,471,62,63,15,1145,368,963,2211
235,Treveon Graham,SG,MIN,26,30,17,33,2,171,62,175,663
236,Treveon Graham,SG,ATL,26,15,7,22,4,72,25,67,266
237,Jerami Grant,PF,DEN,25,88,50,71,57,851,303,634,1892
238,Jerian Grant,PG,WAS,27,9,1,6,1,27,10,27,80
239,Josh Gray,PG,NOP,26,2,0,2,0,2,1,2,23
240,Danny Green,SG,LAL,32,91,85,68,32,547,197,474,1687
241,Draymond Green,PF,GSW,29,266,59,43,33,345,123,316,1222
242,JaMychal Green,PF,LAC,29,49,29,63,24,430,151,352,1307
243,Javonte Green,SF,BOS,26,26,24,48,8,163,63,126,468
245,Jeff Green,PF,UTA,33,20,12,30,10,233,75,195,553
246,Jeff Green,C,HOU,33,30,14,18,9,220,84,149,407
247,Blake Griffin,PF,DET,30,59,7,18,7,279,88,250,512
248,Marko Guduric,SG,MEM,24,45,12,44,8,173,62,157,484
249,Kyle Guy,SG,SAC,22,1,0,3,0,4,2,5,10
250,Rui Hachimura,PF,WAS,21,87,37,48,8,649,254,545,1444
251,Devon Hall,SG,OKC,24,13,4,11,1,20,6,30,81
253,Donta Hall,PF,DET,22,2,1,4,1,6,1,4,48
254,Donta Hall,PF,BRK,22,2,2,5,5,33,14,18,85
255,Dusty Hannahs,SG,MEM,26,0,0,2,0,12,4,9,13
256,Tim Hardaway Jr.,SG,DAL,27,137,41,71,5,1121,384,884,2091
257,James Harden,SG,HOU,30,512,125,68,60,2335,672,1514,2483
259,Maurice Harkless,SF,LAC,26,48,49,50,30,275,112,217,1141
260,Maurice Harkless,SF,NYK,26,20,9,12,3,82,30,66,286
261,Jared Harper,PG,PHO,22,0,0,3,0,2,1,4,8
262,Montrezl Harrell,C,LAC,26,107,39,63,72,1173,471,812,1749
263,Gary Harris,SG,DEN,25,118,76,56,14,581,218,519,1780
264,Joe Harris,SF,BRK,28,144,41,69,17,998,381,784,2123
265,Tobias Harris,PF,PHI,27,227,53,72,40,1411,553,1173,2469
266,Shaquille Harrison,SF,CHI,26,49,34,43,19,209,77,165,484
267,Josh Hart,SF,NOP,24,108,63,65,23,656,225,532,1755
268,Isaiah Hartenstein,C,HOU,21,18,9,23,12,107,44,67,266
269,Udonis Haslem,PF,MIA,39,1,0,4,0,12,4,11,44
270,Jaxson Hayes,C,NOP,19,56,26,64,55,472,174,259,1080
271,Gordon Hayward,SF,BOS,29,212,38,52,22,909,350,700,1740
273,John Henson,PF,CLE,29,43,16,29,32,145,61,120,412
274,John Henson,PF,DET,29,11,8,11,10,76,34,51,188
275,Dewan Hernandez,C,TOR,23,3,1,6,0,14,5,14,28
277,Juan Hernangómez,PF,DEN,24,22,5,34,5,107,38,110,422
278,Juan Hernangómez,PF,MIN,24,18,14,14,4,181,62,137,411
279,Willy Hernangómez,C,CHO,25,29,10,31,7,190,74,139,375
280,Tyler Herro,SG,MIA,20,121,34,55,9,743,270,631,1508
281,Kevin Hervey,PF,OKC,23,5,1,10,1,17,7,27,52
282,Mario Hezonja,PF,POR,24,50,36,53,9,256,92,218,871
283,Buddy Hield,SG,SAC,27,213,66,72,17,1382,498,1162,2216
284,George Hill,PG,MIL,33,180,47,59,5,554,194,376,1271
286,Solomon Hill,SF,MEM,28,94,31,48,7,274,96,233,901
287,Solomon Hill,SF,MIA,28,10,12,11,5,49,14,45,187
288,Jaylen Hoard,SF,POR,20,4,5,13,0,38,15,32,103
289,Aaron Holiday,PG,IND,23,225,55,66,16,627,233,563,1617
290,Jrue Holiday,SG,NOP,29,408,99,61,48,1167,458,1006,2117
291,Justin Holiday,SG,IND,30,93,87,73,46,603,208,486,1826
292,Rondae Hollis-Jefferson,SF,TOR,25,106,46,60,23,418,155,329,1122
293,Richaun Holmes,C,SAC,26,42,41,44,56,539,223,344,1242
294,Rodney Hood,SF,POR,27,32,17,21,4,230,87,172,619
295,Al Horford,C,PHI,33,270,52,67,61,798,319,709,2025
296,Talen Horton-Tucker,SG,LAL,19,6,8,6,1,34,14,30,81
297,Danuel House,SF,HOU,26,85,67,63,34,662,230,539,1913
298,Dwight Howard,C,LAL,34,45,31,69,79,517,202,277,1306
299,William Howard,PF,HOU,26,1,0,2,0,0,0,4,13
300,Kevin Huerter,SG,ATL,21,213,51,56,27,684,252,610,1760
301,De'Andre Hunter,SF,ATL,22,112,44,63,18,778,280,683,2018
302,Chandler Hutchison,SF,CHI,23,26,27,28,7,218,80,175,527
303,Serge Ibaka,C,TOR,30,77,28,55,46,845,343,670,1485
304,Andre Iguodala,SG,MIA,36,51,14,21,21,96,38,88,418
305,Ersan İlyasova,PF,MIL,32,49,24,63,17,414,146,313,986
306,Joe Ingles,SF,UTA,32,373,65,72,11,707,246,553,2137
307,Brandon Ingram,PF,NOP,22,259,61,62,38,1477,507,1096,2104
308,Kyrie Irving,PG,BRK,27,128,27,20,10,548,199,416,658
309,Jonathan Isaac,SF,ORL,22,48,53,34,78,404,156,332,980
310,Wesley Iwundu,SF,ORL,25,60,25,52,13,300,97,233,953
311,Frank Jackson,PG,NOP,21,61,17,59,4,371,134,331,797
312,Jaren Jackson Jr.,C,MEM,20,78,40,57,92,990,353,753,1622
313,Josh Jackson,SG,MEM,22,35,18,22,9,198,70,159,381
314,Justin Jackson,PF,DAL,24,52,15,65,10,360,135,341,1045
316,Reggie Jackson,PG,DET,29,72,8,14,1,209,76,198,381
317,Reggie Jackson,PG,LAC,29,54,5,17,4,161,58,128,362
318,Justin James,SG,SAC,23,18,6,36,9,89,35,84,232
319,LeBron James,PG,LAL,35,684,78,67,36,1698,643,1303,2316
320,Amile Jefferson,PF,ORL,26,4,1,18,3,15,5,14,74
321,DaQuan Jeffries,SG,SAC,22,7,4,13,1,50,20,40,141
322,Ty Jerome,PG,PHO,22,44,15,31,3,102,38,113,328
323,Alize Johnson,SF,IND,23,7,3,17,2,34,12,29,118
324,B.J. Johnson,SF,ORL,24,3,3,10,0,30,9,32,83
325,Cameron Johnson,PF,PHO,23,69,36,57,20,504,176,405,1255
327,James Johnson,PF,MIA,32,21,6,18,13,102,39,87,281
328,James Johnson,PF,MIN,32,53,19,14,19,168,64,128,338
329,Keldon Johnson,SF,SAS,20,15,14,17,2,154,53,89,301
330,Stanley Johnson,PF,TOR,23,20,6,25,4,60,22,59,150
332,Tyler Johnson,SG,PHO,27,50,12,31,8,178,65,171,515
333,Tyler Johnson,SG,BRK,27,24,4,8,1,96,32,79,194
334,Nikola Jokić,C,DEN,24,512,85,73,44,1456,565,1071,2336
335,Damian Jones,C,ATL,24,35,26,55,40,306,121,178,887
336,Derrick Jones Jr.,SF,MIA,22,62,58,59,38,500,184,349,1375
337,Tyus Jones,PG,MEM,23,285,59,65,6,484,197,429,1232
338,DeAndre Jordan,C,BRK,31,105,18,56,52,465,191,287,1234
339,Cory Joseph,PG,SAC,28,251,53,72,21,458,171,412,1759
340,Mfiondu Kabengele,C,LAC,22,2,2,12,2,42,14,32,64
341,Frank Kaminsky,C,PHO,26,75,14,39,10,378,138,307,777
342,Enes Kanter,C,BOS,27,56,22,58,41,469,199,348,983
343,Luke Kennard,SG,DET,23,115,12,28,6,442,151,342,922
344,Stanton Kidd,SF,UTA,27,1,0,4,0,0,0,3,15
346,Michael Kidd-Gilchrist,PF,CHO,26,10,0,12,3,48,18,53,160
347,Michael Kidd-Gilchrist,SF,DAL,26,4,2,13,3,12,4,13,121
348,Louis King,SF,DET,20,5,2,10,0,20,8,21,62
349,Maxi Kleber,C,DAL,28,88,25,74,83,672,237,514,1890
351,Brandon Knight,PG,CLE,28,31,5,16,2,79,28,86,241
352,Brandon Knight,PG,DET,28,38,5,9,1,104,31,81,221
353,Kevin Knox,SF,NYK,20,61,23,65,28,419,144,401,1166
354,John Konchar,SG,MEM,23,22,7,19,3,54,24,37,181
355,Furkan Korkmaz,SG,PHI,22,79,41,72,16,704,242,563,1559
356,Luke Kornet,C,CHI,24,32,11,36,26,215,82,187,559
357,Kyle Korver,SF,MIL,38,68,26,58,12,386,126,293,960
358,Rodions Kurucs,PF,BRK,21,51,25,47,5,215,79,177,684
359,Kyle Kuzma,PF,LAL,24,80,28,61,26,782,291,668,1526
360,Skal Labissière,C,POR,23,42,7,33,31,190,81,147,567
361,Jeremy Lamb,SG,IND,27,96,55,46,22,577,216,479,1291
362,Romeo Langford,SG,BOS,20,13,8,32,8,79,28,80,370
363,Zach LaVine,SG,CHI,24,254,88,60,28,1530,539,1199,2085
364,Vic Law,SF,ORL,24,3,2,8,0,15,6,18,62
365,Jake Layman,PF,MIN,25,15,17,23,10,210,81,179,505
366,T.J. Leaf,PF,IND,22,9,10,28,4,84,36,86,222
367,Jalen Lecque,PG,PHO,19,2,0,5,0,10,4,10,32
368,Courtney Lee,SG,DAL,34,12,18,24,6,107,40,82,345
369,Damion Lee,SG,GSW,27,133,50,49,6,621,213,511,1423
371,Alex Len,C,ATL,26,42,20,40,33,349,142,260,745
372,Alex Len,C,SAC,26,8,3,15,15,89,35,59,225
373,Kawhi Leonard,SF,LAC,28,280,103,57,33,1543,532,1133,1848
374,Meyers Leonard,C,MIA,27,55,14,51,15,309,119,234,1034
375,Caris LeVert,SG,BRK,25,199,53,45,10,842,311,732,1330
376,Damian Lillard,PG,POR,29,530,70,66,22,1978,624,1349,2474
377,Nassir Little,PF,POR,19,22,13,48,14,172,65,151,573
378,Kevon Looney,C,GSW,23,20,12,20,6,68,29,79,262
379,Brook Lopez,C,MIL,31,99,46,68,163,813,292,671,1817
380,Robin Lopez,C,MIL,31,45,10,66,45,357,147,299,958
381,Kevin Love,PF,CLE,31,178,33,56,19,987,327,727,1780
382,Kyle Lowry,PG,TOR,33,433,82,58,26,1126,334,803,2098
383,Timothé Luwawu-Cabarrot,SG,BRK,24,29,18,47,7,365,117,269,853
384,Trey Lyles,PF,SAS,24,69,28,63,28,404,153,343,1271
385,Daryl Macon,SG,MIA,24,1,0,4,0,3,1,3,14
386,J.P. Macura,SG,CLE,24,0,0,1,0,0,0,0,1
387,Josh Magette,PG,ORL,30,5,3,8,1,12,5,15,38
388,Ian Mahinmi,C,WAS,33,49,31,38,44,283,104,210,808
389,Thon Maker,C,DET,22,43,25,60,39,281,93,193,776
390,Terance Mann,SG,LAC,23,53,11,41,5,99,37,79,362
391,Boban Marjanović,C,DAL,31,20,8,44,10,289,121,211,422
392,Lauri Markkanen,PF,CHI,22,74,42,50,23,737,251,591,1492
393,Caleb Martin,SF,CHO,24,23,12,18,7,111,37,84,317
394,Cody Martin,SF,CHO,24,95,39,48,9,238,89,207,903
395,Jeremiah Martin,PG,BRK,23,18,7,9,2,64,24,53,99
396,Kelan Martin,SF,MIN,24,23,7,31,9,197,71,181,495
397,Frank Mason III,PG,MIL,25,29,5,9,1,62,23,51,118
398,Garrison Mathews,SG,WAS,23,10,8,18,1,98,24,56,227
399,Wesley Matthews,SG,MIL,33,92,38,67,9,494,167,422,1635
400,Luc Mbah a Moute,PF,HOU,33,0,2,3,0,5,2,5,25
401,Patrick McCaw,SF,TOR,24,79,39,37,4,170,67,162,908
402,CJ McCollum,SG,POR,28,310,54,70,42,1556,611,1356,2556
403,T.J. McConnell,PG,IND,27,355,56,71,11,464,212,411,1326
404,Jalen McDaniels,PF,CHO,22,13,8,16,3,89,33,70,293
405,Doug McDermott,PF,IND,28,78,12,69,5,710,267,547,1372
406,JaVale McGee,C,LAL,32,37,36,68,94,446,195,306,1130
407,Rodney McGruder,SG,LAC,28,36,26,56,8,187,72,181,871
408,Alfonzo McKinnie,SF,CLE,27,14,23,40,8,182,73,171,593
409,Jordan McLaughlin,PG,MIN,23,125,34,30,4,229,87,178,590
410,Ben McLemore,SG,HOU,26,58,45,71,16,715,242,545,1619
412,Jordan McRae,SG,WAS,28,82,19,29,15,370,133,317,654
413,Jordan McRae,SG,DEN,28,4,2,4,1,9,2,6,32
414,Jordan McRae,SG,DET,28,7,0,4,0,47,14,43,98
415,Nicolò Melli,C,NOP,29,82,34,60,23,395,136,323,1042
416,De'Anthony Melton,PG,MEM,21,175,77,60,20,455,161,401,1167
417,Chimezie Metu,PF,SAS,22,10,3,18,6,58,24,42,105
418,Khris Middleton,SF,MIL,28,265,53,62,7,1297,471,947,1853
419,Eric Mika,PF,SAC,25,0,0,1,0,6,2,3,19
420,C.J. Miles,SG,WAS,32,12,10,10,4,64,19,59,161
421,Malcolm Miller,SF,TOR,26,11,5,28,2,35,12,29,162
422,Patty Mills,PG,SAS,31,118,53,66,6,767,258,598,1485
423,Paul Millsap,PF,DEN,34,83,44,51,30,591,211,438,1240
424,Shake Milton,SG,PHI,23,104,20,40,7,377,134,277,805
425,Donovan Mitchell,SG,UTA,23,294,70,69,14,1655,602,1342,2364
426,Naz Mitrou-Long,SG,IND,26,8,1,5,1,14,6,17,47
427,Adam Mokoka,SG,CHI,21,4,4,11,0,32,12,28,112
428,Malik Monk,SG,CHO,21,114,25,55,16,564,212,488,1169
429,Matt Mooney,SG,CLE,22,1,2,4,1,2,1,4,19
430,E'Twaun Moore,SG,NOP,30,78,32,56,11,466,186,437,1020
431,Ja Morant,PG,MEM,20,488,58,67,18,1193,447,937,2074
432,Juwan Morgan,PF,UTA,22,6,1,21,2,36,15,26,134
434,Marcus Morris,SF,NYK,30,59,34,43,17,841,281,636,1387
435,Marcus Morris,PF,LAC,30,27,13,19,13,192,74,174,549
437,Markieff Morris,PF,DET,30,69,26,44,11,486,175,389,988
438,Markieff Morris,PF,LAL,30,8,5,14,6,74,28,69,199
439,Monte Morris,PG,DEN,24,255,55,73,17,660,260,566,1636
440,Johnathan Motley,PF,LAC,24,8,3,13,0,28,11,15,41
441,Emmanuel Mudiay,PG,UTA,23,116,24,54,10,395,151,327,850
442,Mychal Mulder,SG,GSW,25,8,2,7,1,77,26,67,204
443,Dejounte Murray,PG,SAS,23,271,111,66,17,720,294,637,1687
444,Jamal Murray,PG,DEN,22,284,67,59,17,1091,408,894,1904
445,Džanan Musa,SF,BRK,20,43,15,40,1,192,64,172,487
446,Mike Muscala,C,OKC,28,40,9,47,12,226,77,189,572
447,Sviatoslav Mykhailiuk,SF,DET,22,106,41,56,4,504,166,405,1265
448,Abdel Nader,SF,OKC,26,38,23,55,20,345,123,263,867
449,Larry Nance Jr.,C,CLE,27,123,56,56,22,564,229,431,1472
451,Shabazz Napier,PG,MIN,28,187,40,36,7,347,114,283,856
452,Shabazz Napier,PG,WAS,28,75,29,20,4,231,74,173,488
453,Raul Neto,PG,PHI,27,95,24,54,6,275,101,222,668
454,Malik Newman,SG,CLE,22,0,0,1,0,2,0,2,4
455,Georges Niang,PF,UTA,26,44,18,66,5,392,141,322,923
456,Joakim Noah,C,LAC,34,7,1,5,1,14,4,8,50
457,Nerlens Noel,C,OKC,25,57,59,61,91,449,184,269,1127
459,Zach Norvell,SG,LAL,22,0,0,2,0,0,0,1,5
460,Zach Norvell,SG,GSW,22,3,2,3,0,10,3,11,36
461,Jaylen Nowell,SG,MIN,20,19,3,15,1,57,19,53,151
462,Frank Ntilikina,PG,NYK,21,172,54,57,16,357,131,333,1187
463,Kendrick Nunn,SG,MIA,24,220,56,67,15,1024,401,914,1962
464,Jusuf Nurkić,C,POR,25,32,11,8,16,141,54,109,253
465,David Nwaba,SF,BRK,27,8,11,20,12,104,37,71,268
466,Royce O'Neale,PF,UTA,26,180,59,71,32,450,158,365,2049
467,Kyle O'Quinn,C,PHI,29,51,7,29,24,102,42,85,313
468,Semi Ojeleye,PF,BOS,25,37,21,69,5,236,80,196,1011
469,Jahlil Okafor,C,NOP,24,37,7,30,22,243,101,162,467
470,Elie Okobo,PG,PHO,22,115,24,55,4,219,72,181,719
471,Josh Okogie,SG,MIN,21,99,68,62,26,533,170,398,1547
472,KZ Okpala,SF,MIA,20,1,2,5,1,7,3,5,26
473,Victor Oladipo,SG,IND,27,56,17,19,4,275,97,246,528
474,Kelly Olynyk,C,MIA,28,116,45,67,23,549,184,398,1300
475,Miye Oni,SG,UTA,22,4,4,10,2,35,12,32,109
476,Cedi Osman,SF,CLE,24,154,54,65,16,718,266,609,1910
477,Kelly Oubre Jr.,SF,PHO,24,85,71,56,40,1046,373,826,1933
478,Tariq Owens,PF,PHO,24,0,1,3,0,4,1,5,15
479,Jeremy Pargo,PG,GSW,33,8,1,3,0,25,11,22,44
481,Jabari Parker,PF,ATL,24,58,42,32,15,480,198,393,837
482,Jabari Parker,PF,SAC,24,10,3,6,1,51,21,36,80
483,Chandler Parsons,SF,ATL,31,3,4,5,1,14,5,18,54
484,Eric Paschall,PF,GSW,23,127,32,60,13,837,318,640,1654
485,Anžejs Pasečņiks,C,WAS,24,18,9,27,12,156,61,116,437
486,Patrick Patterson,PF,LAC,30,41,7,59,3,292,95,233,776
487,Justin Patton,C,OKC,22,2,0,5,0,9,4,10,24
488,Chris Paul,PG,OKC,34,472,111,70,11,1232,434,887,2208
489,Cameron Payne,PG,PHO,25,24,8,8,2,87,33,68,183
490,Elfrid Payton,PG,NYK,25,323,70,45,17,449,193,440,1246
491,Gary Payton II,PG,WAS,27,48,33,29,7,113,48,116,432
492,Norvel Pelle,C,PHI,26,8,3,24,31,57,25,48,232
493,Theo Pinson,SG,BRK,24,56,17,33,4,120,45,155,365
494,Mason Plumlee,C,DEN,29,154,33,61,38,437,177,288,1057
495,Jakob Poeltl,C,SAS,24,116,37,66,95,372,166,266,1171
496,Vincent Poirier,C,BOS,26,8,2,22,9,41,17,36,130
497,Shamorie Ponds,PG,TOR,21,2,0,4,1,9,3,5,11
498,Jordan Poole,SG,GSW,20,134,35,57,10,503,167,502,1274
499,Kevin Porter Jr.,SF,CLE,19,109,46,50,14,498,186,421,1162
500,Michael Porter Jr.,PF,DEN,21,46,27,55,25,512,195,383,903
501,Otto Porter,SF,CHI,26,25,15,14,6,167,62,140,331
502,Bobby Portis,C,NYK,24,98,32,66,18,668,265,589,1393
503,Kristaps Porziņģis,PF,DAL,24,102,41,57,115,1164,398,932,1814
504,Dwight Powell,C,DAL,28,59,34,40,22,376,146,229,1061
505,Norman Powell,SG,TOR,26,91,60,52,21,830,296,598,1479
506,Chasson Randle,PG,GSW,26,5,2,3,0,5,0,4,40
507,Julius Randle,PF,NYK,25,198,51,64,22,1248,463,1006,2080
508,Josh Reaves,SG,DAL,22,3,0,4,0,8,3,9,28
509,Cam Reddish,SF,ATL,20,87,62,58,28,610,213,554,1551
510,J.J. Redick,SG,NOP,35,119,20,60,10,917,286,631,1581
511,Naz Reid,C,MIN,20,35,19,30,22,269,100,243,495
512,Josh Richardson,SG,PHI,26,162,52,55,36,755,278,646,1693
513,Austin Rivers,SG,HOU,27,113,49,68,10,596,211,501,1594
514,Andre Roberson,SG,OKC,28,4,1,7,3,20,8,29,87
515,Duncan Robinson,SF,MIA,25,102,35,73,19,983,323,687,2166
517,Glenn Robinson III,SF,GSW,26,85,45,48,14,619,244,507,1516
518,Glenn Robinson III,SF,PHI,26,11,9,14,2,108,44,85,270
520,Jerome Robinson,SG,LAC,22,46,13,42,8,122,46,136,476
521,Jerome Robinson,SG,WAS,22,41,15,21,9,197,69,174,503
522,Justin Robinson,PG,WAS,22,7,0,9,1,13,5,12,49
523,Mitchell Robinson,C,NYK,21,36,52,61,119,590,253,341,1412
524,Isaiah Roby,SF,OKC,21,0,0,3,0,0,0,1,11
525,Rajon Rondo,PG,LAL,33,240,40,48,2,342,137,328,984
526,Derrick Rose,PG,DET,31,278,40,50,16,904,369,753,1298
527,Terrence Ross,SG,ORL,28,82,77,69,24,1016,341,846,1889
528,Terry Rozier,PG,CHO,25,259,61,63,10,1134,398,941,2164
529,Ricky Rubio,PG,PHO,29,570,94,65,11,847,287,692,2016
531,D'Angelo Russell,PG,GSW,23,206,31,33,9,779,273,635,1060
532,D'Angelo Russell,PG,MIN,23,79,17,12,4,260,87,211,392
533,Domantas Sabonis,C,IND,23,310,47,62,30,1147,458,848,2159
534,Luka Šamanić,PF,SAS,20,6,0,3,2,16,5,16,48
535,JaKarr Sampson,SF,IND,26,21,16,34,12,156,68,115,471
536,Dario Šarić,PF,PHO,25,123,37,66,16,704,256,538,1632
537,Tomáš Satoranský,PG,CHI,28,354,80,65,7,644,237,551,1878
538,Admiral Schofield,SF,WAS,22,15,8,33,4,99,35,92,368
539,Dennis Schröder,PG,OKC,26,262,45,65,14,1229,453,965,1999
540,Mike Scott,PF,PHI,31,56,21,68,5,408,149,350,1207
541,Thabo Sefolosha,PF,HOU,35,25,24,41,12,92,37,91,436
542,Collin Sexton,SG,CLE,21,192,65,65,7,1349,513,1086,2143
543,Landry Shamet,SG,LAC,22,99,20,53,10,492,158,391,1452
544,Marial Shayok,SG,PHI,24,1,0,4,1,11,3,12,28
545,Iman Shumpert,SG,BRK,29,12,12,13,2,54,21,64,241
546,Pascal Siakam,PF,TOR,25,207,61,60,53,1371,500,1104,2110
547,Chris Silva,PF,MIA,23,23,9,44,21,133,48,78,346
548,Ben Simmons,PG,PHI,23,455,119,57,33,937,375,647,2017
549,Anfernee Simons,SG,POR,20,97,26,70,10,579,214,536,1449
550,Alen Smailagić,PF,GSW,19,13,3,14,4,59,20,40,139
551,Marcus Smart,SG,BOS,25,291,101,60,29,776,256,682,1919
552,Dennis Smith Jr.,PG,NYK,22,98,28,34,8,187,72,211,537
553,Ish Smith,PG,WAS,31,334,59,68,30,740,308,689,1787
554,J.R. Smith,SG,LAL,34,3,1,6,0,17,7,22,79
555,Zhaire Smith,SG,PHI,20,2,3,7,0,8,3,11,32
556,Tony Snell,SF,DET,28,127,32,59,15,474,170,382,1641
557,Omari Spellman,PF,GSW,22,47,33,49,24,370,127,295,886
558,Max Strus,SG,CHI,23,0,0,2,0,5,2,3,6
559,Edmond Sumner,PG,IND,24,55,15,31,9,152,61,142,447
561,Caleb Swanigan,PF,SAC,22,2,1,7,2,5,2,4,23
562,Caleb Swanigan,PF,POR,22,29,2,20,5,60,26,43,265
563,Jayson Tatum,PF,BOS,21,200,93,66,57,1547,552,1226,2265
565,Jeff Teague,PG,MIN,31,208,25,34,13,448,145,324,945
566,Jeff Teague,PG,ATL,31,100,19,25,6,193,68,165,519
567,Garrett Temple,SG,BRK,33,156,49,62,29,641,222,587,1730
568,Daniel Theis,C,BOS,27,111,37,65,84,601,241,426,1566
569,Isaiah Thomas,PG,WAS,30,146,13,40,6,488,174,426,925
570,Khyri Thomas,SG,DET,23,3,3,8,0,17,5,17,61
571,Lance Thomas,SF,BRK,31,6,0,7,0,24,8,23,98
572,Matt Thomas,SG,TOR,25,22,10,41,1,202,73,150,440
573,Tristan Thompson,C,CLE,28,120,33,57,50,684,288,562,1721
574,Sindarius Thornwell,SG,NOP,25,4,1,2,1,16,6,11,35
575,Matisse Thybulle,SG,PHI,22,79,94,65,47,305,112,265,1287
577,Anthony Tolliver,PF,POR,34,29,8,33,9,129,43,117,554
578,Anthony Tolliver,PF,SAC,34,3,4,9,1,9,3,17,82
579,Anthony Tolliver,PF,MEM,34,10,7,13,1,62,19,48,236
580,Juan Toscano-Anderson,SF,GSW,26,26,13,13,5,69,29,63,272
581,Karl-Anthony Towns,C,MIN,24,153,33,35,42,926,316,622,1187
582,Gary Trent Jr.,SG,POR,21,61,48,61,16,541,196,441,1332
583,Allonzo Trier,PG,NYK,24,28,3,24,4,155,51,106,291
584,P.J. Tucker,PF,HOU,34,115,77,72,36,500,177,426,2467
585,Rayjon Tucker,SG,UTA,22,5,1,20,1,62,20,43,161
586,Evan Turner,PG,ATL,31,38,9,19,8,62,25,67,251
587,Myles Turner,C,IND,23,72,46,62,132,749,268,587,1826
589,Jarrod Uthoff,SF,MEM,26,0,1,4,0,4,1,7,14
590,Jarrod Uthoff,SF,WAS,26,0,0,3,0,15,6,11,39
591,Jonas Valančiūnas,C,MEM,27,131,30,70,76,1044,432,739,1845
592,Denzel Valentine,SF,CHI,26,43,26,36,6,246,97,237,488
594,Jarred Vanderbilt,SF,DEN,20,2,3,9,1,10,5,7,41
595,Jarred Vanderbilt,PF,MIN,20,0,0,2,0,2,0,1,5
596,Fred VanVleet,PG,TOR,25,357,100,54,17,952,319,773,1928
597,Gabe Vincent,PG,MIA,23,6,5,9,0,22,8,37,83
599,Noah Vonleh,C,MIN,24,26,11,29,6,119,47,86,347
600,Noah Vonleh,PF,DEN,24,2,0,7,0,13,5,6,30
601,Nikola Vučević,C,ORL,29,222,54,62,47,1215,493,1033,1998
602,Dean Wade,PF,CLE,23,2,2,12,4,20,9,13,71
603,Moritz Wagner,C,WAS,22,56,28,45,19,393,145,266,835
605,Dion Waiters,SG,MIA,28,3,0,3,2,28,10,26,42
606,Dion Waiters,SG,LAL,28,17,4,7,4,83,31,73,165
607,Kemba Walker,PG,BOS,29,268,48,56,28,1145,378,889,1742
608,Lonnie Walker,SG,SAS,21,68,32,61,14,389,152,357,988
609,Tyrone Wallace,SG,ATL,25,13,7,14,1,40,14,44,160
610,Taurean Prince,SF,BRK,25,116,57,64,25,773,278,739,1857
612,Derrick Walton,PG,LAC,24,22,4,23,0,50,17,36,222
613,Derrick Walton,PG,DET,24,5,3,3,0,3,1,3,26
614,Brad Wanamaker,PG,BOS,30,179,61,71,14,487,162,362,1369
615,T.J. Warren,SF,IND,26,99,78,67,34,1326,534,997,2202
616,P.J. Washington,PF,CHO,21,123,51,58,44,710,268,589,1759
617,Yuta Watanabe,SG,MEM,25,5,5,18,1,36,15,34,105
618,Tremont Waters,PG,BOS,22,16,10,11,2,40,14,49,119
620,Paul Watson,SG,ATL,25,3,1,2,0,0,0,7,17
621,Paul Watson,SF,TOR,25,5,3,8,1,31,10,19,70
622,Quinndary Weatherspoon,SG,SAS,23,11,3,11,1,12,5,17,78
623,Russell Westbrook,PG,HOU,31,401,93,57,20,1553,604,1281,2049
624,Coby White,SG,CHI,19,175,49,65,6,859,312,792,1674
625,Derrick White,SG,SAS,25,241,44,68,59,765,253,552,1677
626,Hassan Whiteside,C,POR,30,78,26,67,196,1040,436,702,2008
628,Andrew Wiggins,SF,MIN,24,155,29,42,36,942,351,790,1455
629,Andrew Wiggins,SG,GSW,24,43,16,12,17,233,86,188,403
630,Grant Williams,PF,BOS,21,68,30,69,36,237,87,211,1043
631,Johnathan Williams,C,WAS,24,8,1,15,8,45,19,34,180
632,Kenrich Williams,PF,NOP,25,57,27,39,21,136,51,147,832
633,Lou Williams,SG,LAC,33,365,43,65,12,1185,391,936,1864
635,Marvin Williams,PF,CHO,33,41,26,41,22,275,94,210,808
636,Marvin Williams,PF,MIL,33,19,10,17,8,68,25,57,321
637,Robert Williams,C,BOS,22,27,22,29,35,150,64,88,388
638,Nigel Williams-Goss,PG,UTA,25,6,3,10,1,14,5,16,50
639,Zion Williamson,PF,NOP,19,50,16,24,9,540,210,360,668
640,D.J. Wilson,PF,MIL,23,25,3,37,5,133,52,132,363
641,Justise Winslow,SF,MIA,23,44,7,11,5,124,50,129,352
642,Christian Wood,PF,DET,24,60,34,62,54,810,288,508,1325
643,Delon Wright,SG,DAL,27,244,85,73,22,504,190,411,1570
644,Justin Wright-Foreman,PG,UTA,22,7,2,4,0,19,7,20,45
645,Thaddeus Young,PF,CHI,31,117,92,64,23,659,269,601,1591
646,Trae Young,PG,ATL,21,560,65,60,8,1778,546,1249,2120
647,Cody Zeller,C,CHO,27,88,40,58,25,642,251,479,1341
648,Tyler Zeller,C,SAS,30,0,0,2,0,2,1,4,4
649,Ante Žižić,C,CLE,23,6,7,22,5,96,41,72,221
650,Ivica Zubac,C,LAC,22,82,16,72,66,596,236,385,1326
